,Consumer Discretionary,Consumer Staples,Energy,Financial,Health Care,Industrial,Materials,Technology,Utilities
Consumer Discretionary,1.0,0.4241235239988784,0.21037753317203195,0.43719148631483284,0.4330597804193598,0.5646732773432802,0.4538748353292167,0.4319597418311729,0.29198369160174953
Consumer Staples,0.4241235239988784,1.0,0.20945219646452748,0.3837637712043869,0.5132739130444625,0.48262140468838693,0.346081835106466,0.2969884601785201,0.487967855922647
Energy,0.21037753317203195,0.20945219646452748,1.0,0.3430048570352504,0.16557976804815625,0.4527445177763246,0.5067047570303511,0.08267410338426476,0.235351601542756
Financial,0.43719148631483284,0.3837637712043869,0.3430048570352504,1.0,0.3358692217474031,0.53871131716033,0.4329232956218115,0.2386365805815354,0.27739064980622385
Health Care,0.4330597804193598,0.5132739130444625,0.16557976804815625,0.3358692217474031,1.0,0.44947017779787285,0.3413207450360557,0.384355142408617,0.3580439304480538
Industrial,0.5646732773432802,0.48262140468838693,0.4527445177763246,0.53871131716033,0.44947017779787285,1.0,0.6712205579886306,0.39283096468688616,0.41355195164779357
Materials,0.4538748353292167,0.346081835106466,0.5067047570303511,0.4329232956218115,0.3413207450360557,0.6712205579886306,1.0,0.2717524963672772,0.3308571314146291
Technology,0.4319597418311729,0.2969884601785201,0.08267410338426476,0.2386365805815354,0.384355142408617,0.39283096468688616,0.2717524963672772,1.0,0.26589953124130855
Utilities,0.29198369160174953,0.487967855922647,0.235351601542756,0.27739064980622385,0.3580439304480538,0.41355195164779357,0.3308571314146291,0.26589953124130855,1.0
