,Consumer Discretionary,Consumer Staples,Energy,Financial,Health Care,Industrial,Materials,Technology,Utilities
Consumer Discretionary,1.0,0.42856620850595567,0.24541031663995266,0.5394287070298265,0.41324456355767286,0.6015724577566098,0.4820699474792289,0.520709996272921,0.1986689120671423
Consumer Staples,0.42856620850595567,1.0,0.15157321216880873,0.3785360696499184,0.4235211864573517,0.40507757463354194,0.33782352503115193,0.3440391013359676,0.33638774053037523
Energy,0.24541031663995266,0.15157321216880873,1.0,0.24462500761380102,0.22217988038027475,0.3676236714584641,0.483675499672922,0.280058739339739,0.2171618170219158
Financial,0.5394287070298265,0.3785360696499184,0.24462500761380102,1.0,0.4348703003040136,0.5700169693519795,0.4459805135168456,0.46207876552221777,0.1986414013575687
Health Care,0.41324456355767286,0.4235211864573517,0.22217988038027475,0.4348703003040136,1.0,0.4574416098672901,0.3700151955632819,0.3790671648007455,0.26373704825571953
Industrial,0.6015724577566098,0.40507757463354194,0.3676236714584641,0.5700169693519795,0.4574416098672901,1.0,0.6349885924920341,0.5431688199926022,0.24794151471477127
Materials,0.4820699474792289,0.33782352503115193,0.483675499672922,0.4459805135168456,0.3700151955632819,0.6349885924920341,1.0,0.44527089919930996,0.2160477542144418
Technology,0.520709996272921,0.3440391013359676,0.280058739339739,0.46207876552221777,0.3790671648007455,0.5431688199926022,0.44527089919930996,1.0,0.21537603064619448
Utilities,0.1986689120671423,0.33638774053037523,0.2171618170219158,0.1986414013575687,0.26373704825571953,0.24794151471477127,0.2160477542144418,0.21537603064619448,1.0
