,Consumer Discretionary,Consumer Staples,Energy,Financials,Health Care,Industrials,Materials,Information Technology,Utilities
Consumer Discretionary,1.0,0.7446433838543756,0.6567685266313188,0.9387683762848902,0.8904099503171157,0.9530055697627937,0.9154776328423101,0.9329082974530711,0.8958430433165114
Consumer Staples,0.7446433838543756,1.0,0.44617331374963937,0.7073759344461906,0.7883056372185478,0.7796230959801838,0.7309542383495307,0.7856158516376082,0.7389564449131143
Energy,0.6567685266313188,0.44617331374963937,1.0,0.7607849815238265,0.634000439771407,0.7576886253244798,0.7700152639816377,0.6620488475998053,0.6501240714805525
Financials,0.9387683762848902,0.7073759344461906,0.7607849815238265,1.0,0.8983269300793059,0.9687619324606095,0.9539740900536331,0.9183374114185937,0.9019944999675575
Health Care,0.8904099503171157,0.7883056372185478,0.634000439771407,0.8983269300793059,1.0,0.9283874435293848,0.8763424762101512,0.9410901896629257,0.8718485079915802
Industrials,0.9530055697627937,0.7796230959801838,0.7576886253244798,0.9687619324606095,0.9283874435293848,1.0,0.9687705517284817,0.9402968401944599,0.8824147349402415
Materials,0.9154776328423101,0.7309542383495307,0.7700152639816377,0.9539740900536331,0.8763424762101512,0.9687705517284817,1.0,0.8947790296563972,0.8710075549512023
Information Technology,0.9329082974530711,0.7856158516376082,0.6620488475998053,0.9183374114185937,0.9410901896629257,0.9402968401944599,0.8947790296563972,1.0,0.8610575302653297
Utilities,0.8958430433165114,0.7389564449131143,0.6501240714805525,0.9019944999675575,0.8718485079915802,0.8824147349402415,0.8710075549512023,0.8610575302653297,1.0
