,Consumer Discretionary,Consumer Staples,Energy,Financial,Health Care,Industrial,Materials,Technology,Utilities
Consumer Discretionary,1.0,0.41040958298107205,0.2279778951845017,0.5100849004442817,0.39984718409584036,0.5777237433904062,0.46241113554842456,0.36666005822073916,0.23913763003945399
Consumer Staples,0.41040958298107205,1.0,0.3432495919596566,0.47773912298642734,0.507008113232147,0.5388232397935069,0.4330414439229812,0.17964575468220748,0.49717726384056143
Energy,0.2279778951845017,0.3432495919596566,1.0,0.41070454412023644,0.2826606471996029,0.5165433683495766,0.5559821031468617,0.12809134404303452,0.3382552044494145
Financial,0.5100849004442817,0.47773912298642734,0.41070454412023644,1.0,0.44154926240718445,0.6554942161524865,0.5066613723267107,0.2278544548199903,0.3787815131428926
Health Care,0.39984718409584036,0.507008113232147,0.2826606471996029,0.44154926240718445,1.0,0.4953193766131464,0.34329109471573166,0.2545600100554264,0.3666007016004208
Industrial,0.5777237433904062,0.5388232397935069,0.5165433683495766,0.6554942161524865,0.4953193766131464,1.0,0.6725398279048312,0.35945103877782775,0.40672124016728933
Materials,0.46241113554842456,0.4330414439229812,0.5559821031468617,0.5066613723267107,0.34329109471573166,0.6725398279048312,1.0,0.18799782735438786,0.3445464178403041
Technology,0.36666005822073916,0.17964575468220748,0.12809134404303452,0.2278544548199903,0.2545600100554264,0.35945103877782775,0.18799782735438786,1.0,0.11918414856091122
Utilities,0.23913763003945399,0.49717726384056143,0.3382552044494145,0.3787815131428926,0.3666007016004208,0.40672124016728933,0.3445464178403041,0.11918414856091122,1.0
