,Consumer Discretionary,Consumer Staples,Energy,Financial,Health Care,Industrial,Materials,Technology,Utilities
Consumer Discretionary,1.0,0.5516982687284441,0.4532139279481059,0.6981440423255574,0.6756979927116181,0.7937494064319868,0.7070623532605465,0.7052838130806014,0.5061723579874093
Consumer Staples,0.5516982687284441,1.0,0.46159860803405933,0.502259729426881,0.5224635401098505,0.562382715533358,0.5643893377808197,0.31573625954076023,0.7209908375736611
Energy,0.4532139279481059,0.46159860803405933,1.0,0.5326137032357037,0.4223889311152194,0.6487206525003955,0.6769440418740377,0.31865599091367364,0.565465757987992
Financial,0.6981440423255574,0.502259729426881,0.5326137032357037,1.0,0.5564686577243062,0.7457889461248396,0.6625928680382492,0.5259619526110841,0.4602736431982089
Health Care,0.6756979927116181,0.5224635401098505,0.4223889311152194,0.5564686577243062,1.0,0.7478449478277832,0.6448032819724941,0.726214904805713,0.5981499358822088
Industrial,0.7937494064319868,0.562382715533358,0.6487206525003955,0.7457889461248396,0.7478449478277832,1.0,0.843647499441977,0.7061996537678533,0.6117831328919402
Materials,0.7070623532605465,0.5643893377808197,0.6769440418740377,0.6625928680382492,0.6448032819724941,0.843647499441977,1.0,0.5018189610808359,0.6298900802929308
Technology,0.7052838130806014,0.31573625954076023,0.31865599091367364,0.5259619526110841,0.726214904805713,0.7061996537678533,0.5018189610808359,1.0,0.41766111622808705
Utilities,0.5061723579874093,0.7209908375736611,0.565465757987992,0.4602736431982089,0.5981499358822088,0.6117831328919402,0.6298900802929308,0.41766111622808705,1.0
