,Consumer Discretionary,Consumer Staples,Energy,Financials,Health Care,Industrials,Materials,Information Technology,Utilities
Consumer Discretionary,1.0,0.5739204301057781,0.621487260853779,0.8233211258478002,0.6804950530139315,0.859265785052755,0.8584947782335044,0.7769812778440451,0.6373941998756203
Consumer Staples,0.5739204301057781,1.0,0.3331870283907068,0.6852210928942227,0.8428764202409204,0.7712112020539564,0.7077697318762234,0.7173047839973523,0.8752784473220173
Energy,0.621487260853779,0.3331870283907068,1.0,0.7416330911677881,0.3995238006215441,0.648220433068023,0.6733378405387763,0.39052332615751106,0.3555682643239637
Financials,0.8233211258478002,0.6852210928942227,0.7416330911677881,1.0,0.7278110352778979,0.91518423928438,0.9069597319852583,0.6952026530022084,0.6788244995097344
Health Care,0.6804950530139315,0.8428764202409204,0.3995238006215441,0.7278110352778979,1.0,0.8038146797278023,0.766915379420325,0.8297744964886986,0.7828295202423187
Industrials,0.859265785052755,0.7712112020539564,0.648220433068023,0.91518423928438,0.8038146797278023,1.0,0.9262376199271625,0.7839595707947395,0.7847025621781357
Materials,0.8584947782335044,0.7077697318762234,0.6733378405387763,0.9069597319852583,0.766915379420325,0.9262376199271625,1.0,0.7617199364773042,0.7463432271399905
Information Technology,0.7769812778440451,0.7173047839973523,0.39052332615751106,0.6952026530022084,0.8297744964886986,0.7839595707947395,0.7617199364773042,1.0,0.694947008855511
Utilities,0.6373941998756203,0.8752784473220173,0.3555682643239637,0.6788244995097344,0.7828295202423187,0.7847025621781357,0.7463432271399905,0.694947008855511,1.0
