,Consumer Discretionary,Consumer Staples,Energy,Financial,Health Care,Industrial,Materials,Technology,Utilities
Consumer Discretionary,1.0,0.42458007015233656,0.21126505660730951,0.43811464684404183,0.4335667639114276,0.5648175281097597,0.45395017871540677,0.43197877345177044,0.29309596987994885
Consumer Staples,0.42458007015233656,1.0,0.20961434751101218,0.38467420636860156,0.5127796126952782,0.48240588926845396,0.34546937108659703,0.29693086958097564,0.48892839677030636
Energy,0.21126505660730951,0.20961434751101218,1.0,0.3446551516139263,0.1649636275831386,0.4536357064954066,0.5071180517851626,0.082489879689273,0.2357224611835937
Financial,0.43811464684404183,0.38467420636860156,0.3446551516139263,1.0,0.33631415502984807,0.5401495717267181,0.43379904987303797,0.2391440076279086,0.27837660113042
Health Care,0.4335667639114276,0.5127796126952782,0.1649636275831386,0.33631415502984807,1.0,0.44946191625570076,0.34062448220797625,0.3842546293136191,0.3588984998049219
Industrial,0.5648175281097597,0.48240588926845396,0.4536357064954066,0.5401495717267181,0.44946191625570076,1.0,0.670398457267359,0.3929005708880436,0.41391041605476586
Materials,0.45395017871540677,0.34546937108659703,0.5071180517851626,0.43379904987303797,0.34062448220797625,0.670398457267359,1.0,0.2708790835138135,0.33105459752034944
Technology,0.43197877345177044,0.29693086958097564,0.082489879689273,0.2391440076279086,0.3842546293136191,0.3929005708880436,0.2708790835138135,1.0,0.26622300003626564
Utilities,0.29309596987994885,0.48892839677030636,0.2357224611835937,0.27837660113042,0.3588984998049219,0.41391041605476586,0.33105459752034944,0.26622300003626564,1.0
