,Consumer Discretionary,Consumer Staples,Energy,Financials,Health Care,Industrials,Materials,Information Technology,Utilities
Consumer Discretionary,1.0,0.5309182949810444,0.36387851215092787,0.6533411191504102,0.5109162103569764,0.7307373390126709,0.6199280127611349,0.5990386239900832,0.3519292557240502
Consumer Staples,0.5309182949810444,1.0,0.2381941518093238,0.47523336573387587,0.6008254876684065,0.5958308057179592,0.5087439265785949,0.46870332636841433,0.627938024532418
Energy,0.36387851215092787,0.2381941518093238,1.0,0.5207571319122143,0.22207508552835925,0.4816901451106731,0.5450868181487516,0.2719017966264267,0.16560869117012048
Financials,0.6533411191504102,0.47523336573387587,0.5207571319122143,1.0,0.5143289978155048,0.7810680597462972,0.6573294633446969,0.5335507604245471,0.31220471219934676
Health Care,0.5109162103569764,0.6008254876684065,0.22207508552835925,0.5143289978155048,1.0,0.57979199459689,0.499940785948647,0.5550140466066292,0.4461488246920441
Industrials,0.7307373390126709,0.5958308057179592,0.4816901451106731,0.7810680597462972,0.57979199459689,1.0,0.7817897522822058,0.6584249921473501,0.43856466199706046
Materials,0.6199280127611349,0.5087439265785949,0.5450868181487516,0.6573294633446969,0.499940785948647,0.7817897522822058,1.0,0.5496692500762802,0.37654889333142144
Information Technology,0.5990386239900832,0.46870332636841433,0.2719017966264267,0.5335507604245471,0.5550140466066292,0.6584249921473501,0.5496692500762802,1.0,0.2919017849266454
Utilities,0.3519292557240502,0.627938024532418,0.16560869117012048,0.31220471219934676,0.4461488246920441,0.43856466199706046,0.37654889333142144,0.2919017849266454,1.0
