,Consumer Discretionary,Consumer Staples,Energy,Financial,Health Care,Industrial,Materials,Technology,Utilities
Consumer Discretionary,1.0,0.8318341973744079,0.772524900015071,0.8584969583678961,0.8012139143268905,0.9180105028791343,0.8817566296803295,0.9133769176870782,0.7804385507645328
Consumer Staples,0.8318341973744079,1.0,0.6260848483373581,0.6769928257142604,0.7960292156313417,0.8048916352892562,0.755907940363061,0.8106904211104552,0.7435738301328761
Energy,0.772524900015071,0.6260848483373581,1.0,0.7253299012193376,0.7131248356350091,0.7978474486727059,0.8395051378784713,0.7370694688783052,0.7360890261385824
Financial,0.8584969583678961,0.6769928257142604,0.7253299012193376,1.0,0.6339454418880017,0.8298400969124057,0.8117018413684151,0.8060727852161113,0.6994974820411818
Health Care,0.8012139143268905,0.7960292156313417,0.7131248356350091,0.6339454418880017,1.0,0.8057768241140989,0.7935736395961833,0.7999781431545551,0.795779229882066
Industrial,0.9180105028791343,0.8048916352892562,0.7978474486727059,0.8298400969124057,0.8057768241140989,1.0,0.9323672537029893,0.8743189191497304,0.7501539131717693
Materials,0.8817566296803295,0.755907940363061,0.8395051378784713,0.8117018413684151,0.7935736395961833,0.9323672537029893,1.0,0.8543400573052212,0.7644619323850163
Technology,0.9133769176870782,0.8106904211104552,0.7370694688783052,0.8060727852161113,0.7999781431545551,0.8743189191497304,0.8543400573052212,1.0,0.8149331178405823
Utilities,0.7804385507645328,0.7435738301328761,0.7360890261385824,0.6994974820411818,0.795779229882066,0.7501539131717693,0.7644619323850163,0.8149331178405823,1.0
