,Consumer Discretionary,Consumer Staples,Energy,Financial,Health Care,Industrial,Materials,Technology,Utilities
Consumer Discretionary,1.0,0.4114639146784548,0.22847916929116596,0.5116392055098559,0.399621089169559,0.5773768874612772,0.4619973900234118,0.3655442359665713,0.2397069074258516
Consumer Staples,0.4114639146784548,1.0,0.3444349696448901,0.4797894173026895,0.5080324848767664,0.5399770635870467,0.43425387776061297,0.18040246552888067,0.4984778465418336
Energy,0.22847916929116596,0.3444349696448901,1.0,0.41219591857809057,0.284170727647122,0.5172536777338789,0.5551528527642081,0.128168055292933,0.3395337964176356
Financial,0.5116392055098559,0.4797894173026895,0.41219591857809057,1.0,0.4426667364558535,0.6567475343920071,0.5075420526459968,0.2281564729118594,0.38033029933145707
Health Care,0.399621089169559,0.5080324848767664,0.284170727647122,0.4426667364558535,1.0,0.4955392650385249,0.3434927412224536,0.25399564018802334,0.3694529188598479
Industrial,0.5773768874612772,0.5399770635870467,0.5172536777338789,0.6567475343920071,0.4955392650385249,1.0,0.6724816729083576,0.35899878350491066,0.4077681535198366
Materials,0.4619973900234118,0.43425387776061297,0.5551528527642081,0.5075420526459968,0.3434927412224536,0.6724816729083576,1.0,0.1874940061453126,0.3436464116836824
Technology,0.3655442359665713,0.18040246552888067,0.128168055292933,0.2281564729118594,0.25399564018802334,0.35899878350491066,0.1874940061453126,1.0,0.11961403431151563
Utilities,0.2397069074258516,0.4984778465418336,0.3395337964176356,0.38033029933145707,0.3694529188598479,0.4077681535198366,0.3436464116836824,0.11961403431151563,1.0
