,Consumer Discretionary,Consumer Staples,Energy,Financial,Health Care,Industrial,Materials,Technology,Utilities
Consumer Discretionary,1.0,0.8360146661677518,0.7793214482681736,0.8657431239006802,0.8008933082013175,0.9206903746013712,0.8835750893265683,0.9149390482249528,0.7790713100344823
Consumer Staples,0.8360146661677518,1.0,0.6327916779355287,0.6868461234081977,0.8006898077577969,0.8085555112510533,0.761573220612159,0.8145846000230813,0.7450719242932737
Energy,0.7793214482681736,0.6327916779355287,1.0,0.7344021056774508,0.7178999671741132,0.8033335588763619,0.8451238204640973,0.7451337356953048,0.7402939320101849
Financial,0.8657431239006802,0.6868461234081977,0.7344021056774508,1.0,0.6410210286856691,0.8387038631088444,0.8199472314914307,0.8133052300576558,0.7019669496448984
Health Care,0.8008933082013175,0.8006898077577969,0.7178999671741132,0.6410210286856691,1.0,0.8062455306581885,0.7935556287478955,0.8020104741180192,0.7962487723724422
Industrial,0.9206903746013712,0.8085555112510533,0.8033335588763619,0.8387038631088444,0.8062455306581885,1.0,0.9339687262939557,0.8780177207405492,0.7511278899377716
Materials,0.8835750893265683,0.761573220612159,0.8451238204640973,0.8199472314914307,0.7935556287478955,0.9339687262939557,1.0,0.8588658016605483,0.7669170468232871
Technology,0.9149390482249528,0.8145846000230813,0.7451337356953048,0.8133052300576558,0.8020104741180192,0.8780177207405492,0.8588658016605483,1.0,0.8147630049847524
Utilities,0.7790713100344823,0.7450719242932737,0.7402939320101849,0.7019669496448984,0.7962487723724422,0.7511278899377716,0.7669170468232871,0.8147630049847524,1.0
