,Consumer Discretionary,Consumer Staples,Energy,Financials,Health Care,Industrials,Materials,Information Technology,Utilities
Consumer Discretionary,1.0,0.4908548422144752,0.3579856760388004,0.6398097878310787,0.4881345344102867,0.6939283682708534,0.5901911510072426,0.5909009186403821,0.18936395813851112
Consumer Staples,0.4908548422144752,1.0,0.20738756206555642,0.4126222755155577,0.48977274419304334,0.46612875585684166,0.42252682219224585,0.3656899409975818,0.4241838948827952
Energy,0.3579856760388004,0.20738756206555642,1.0,0.39116751452030957,0.28155268708449693,0.4569575338473824,0.4897730950096863,0.4104137343278819,0.10974330419094813
Financials,0.6398097878310787,0.4126222755155577,0.39116751452030957,1.0,0.5444500462112506,0.698496201736801,0.5793114338472376,0.6226931921306686,0.1445344058079696
Health Care,0.4881345344102867,0.48977274419304334,0.28155268708449693,0.5444500462112506,1.0,0.5389138332793363,0.4857483529330478,0.5075950043583053,0.2423921467530587
Industrials,0.6939283682708534,0.46612875585684166,0.4569575338473824,0.698496201736801,0.5389138332793363,1.0,0.7191370270698012,0.6823828121167518,0.23503846781492108
Materials,0.5901911510072426,0.42252682219224585,0.4897730950096863,0.5793114338472376,0.4857483529330478,0.7191370270698012,1.0,0.5963248985909403,0.20512996033978925
Information Technology,0.5909009186403821,0.3656899409975818,0.4104137343278819,0.6226931921306686,0.5075950043583053,0.6823828121167518,0.5963248985909403,1.0,0.12666725166966308
Utilities,0.18936395813851112,0.4241838948827952,0.10974330419094813,0.1445344058079696,0.2423921467530587,0.23503846781492108,0.20512996033978925,0.12666725166966308,1.0
