,Consumer Discretionary,Consumer Staples,Energy,Financial,Health Care,Industrial,Materials,Technology,Utilities
Consumer Discretionary,1.0,0.4283082569433767,0.24556025325599337,0.5394644961759347,0.41340179289686074,0.6014683073065312,0.48242968365550487,0.5204868747380947,0.19853185103194715
Consumer Staples,0.4283082569433767,1.0,0.15181752910616733,0.37842672926343524,0.42339989851648246,0.40494310631369457,0.33753319050076835,0.3438194706889402,0.3364288134900743
Energy,0.24556025325599337,0.15181752910616733,1.0,0.24463388085829568,0.2222118988225673,0.3680129504739803,0.483372785353937,0.2804437293593127,0.21750948037772969
Financial,0.5394644961759347,0.37842672926343524,0.24463388085829568,1.0,0.43506913968421096,0.5703237382851483,0.44576490420891274,0.4621167637848617,0.1986437054926892
Health Care,0.41340179289686074,0.42339989851648246,0.2222118988225673,0.43506913968421096,1.0,0.457780462898873,0.3699613273816413,0.37903281990065674,0.2638855777216083
Industrial,0.6014683073065312,0.40494310631369457,0.3680129504739803,0.5703237382851483,0.457780462898873,1.0,0.6349356458346697,0.5434269085154098,0.24798513989632565
Materials,0.48242968365550487,0.33753319050076835,0.483372785353937,0.44576490420891274,0.3699613273816413,0.6349356458346697,1.0,0.445309042351503,0.21600612390958743
Technology,0.5204868747380947,0.3438194706889402,0.2804437293593127,0.4621167637848617,0.37903281990065674,0.5434269085154098,0.445309042351503,1.0,0.2153963887849057
Utilities,0.19853185103194715,0.3364288134900743,0.21750948037772969,0.1986437054926892,0.2638855777216083,0.24798513989632565,0.21600612390958743,0.2153963887849057,1.0
