,Consumer Discretionary,Consumer Staples,Energy,Financials,Health Care,Industrials,Materials,Information Technology,Utilities
Consumer Discretionary,1.0,0.5593711909617167,0.35230078348881744,0.6973760801543161,0.5425003931609103,0.757921777717774,0.6395902636089339,0.6806280308037351,0.30072175712242544
Consumer Staples,0.5593711909617167,1.0,0.36225604328361527,0.6245698023580912,0.6480645915375315,0.6501255503074572,0.5715493901921423,0.4168410772342414,0.6627190033486441
Energy,0.35230078348881744,0.36225604328361527,1.0,0.5434656171984605,0.36270357561442973,0.5123498937240487,0.6273616246981378,0.32651818381796704,0.25547140913607114
Financials,0.6973760801543161,0.6245698023580912,0.5434656171984605,1.0,0.6406954149773596,0.8287865688185844,0.7415363702239031,0.5721604802992609,0.44770972637137324
Health Care,0.5425003931609103,0.6480645915375315,0.36270357561442973,0.6406954149773596,1.0,0.6675703256929656,0.5938039003447202,0.5483656352780428,0.4689142294163446
Industrials,0.757921777717774,0.6501255503074572,0.5123498937240487,0.8287865688185844,0.6675703256929656,1.0,0.799360095462215,0.6753223085796621,0.45793002515039105
Materials,0.6395902636089339,0.5715493901921423,0.6273616246981378,0.7415363702239031,0.5938039003447202,0.799360095462215,1.0,0.5657212752015915,0.4281641879382846
Information Technology,0.6806280308037351,0.4168410772342414,0.32651818381796704,0.5721604802992609,0.5483656352780428,0.6753223085796621,0.5657212752015915,1.0,0.20362370122747964
Utilities,0.30072175712242544,0.6627190033486441,0.25547140913607114,0.44770972637137324,0.4689142294163446,0.45793002515039105,0.4281641879382846,0.20362370122747964,1.0
