,Consumer Discretionary,Consumer Staples,Energy,Financial,Health Care,Industrial,Materials,Technology,Utilities
Consumer Discretionary,1.3031096013217975,0.452579325853757,0.4529204613680006,0.8101848634647394,0.44604287094027223,0.6938062604844172,0.7172972647291296,0.5285372160531465,0.3393235151630265
Consumer Staples,0.452579325853757,0.9284210324001531,0.5763211804518884,0.6412878128292853,0.47863196502874195,0.5476916818247465,0.5690957872764335,0.220170999601295,0.5956090436044177
Energy,0.4529204613680006,0.5763211804518884,3.0155720906239543,0.9929294266083728,0.4825051220093398,0.9455332201641334,1.3111929751483933,0.2819095658136172,0.7311572709537559
Financial,0.8101848634647394,0.6412878128292853,0.9929294266083728,1.924241929361651,0.600405216172953,0.9589956448301061,0.9575711409479842,0.4008739095706453,0.654234885618633
Health Care,0.44604287094027223,0.47863196502874195,0.4825051220093398,0.600405216172953,0.9560386764642064,0.5100398981773959,0.45679829598248467,0.31456409754552994,0.4479605499498142
Industrial,0.6938062604844172,0.5476916818247465,0.9455332201641334,0.9589956448301061,0.5100398981773959,1.10809423146829,0.962804209433701,0.47865928115954437,0.5322854411783058
Materials,0.7172972647291296,0.5690957872764335,1.3111929751483933,0.9575711409479842,0.45679829598248467,0.962804209433701,1.849857865983461,0.32299941017467204,0.5795940652110531
Technology,0.5285372160531465,0.220170999601295,0.2819095658136172,0.4008739095706453,0.31456409754552994,0.47865928115954437,0.32299941017467204,1.6043174991713869,0.18787553695179623
Utilities,0.3393235151630265,0.5956090436044177,0.7311572709537559,0.654234885618633,0.4479605499498142,0.5322854411783058,0.5795940652110531,0.18787553695179623,1.537750483398244
