,Consumer Discretionary,Consumer Staples,Energy,Financial,Health Care,Industrial,Materials,Technology,Utilities
Consumer Discretionary,7.94645432715192,3.3020984945107914,4.556234118799196,7.7030706938299085,4.698421287917375,6.075593823080377,5.67492350727165,7.681328857114447,3.8427248545617485
Consumer Staples,3.3020984945107914,4.476561569223186,3.4664343941283806,4.142265020927068,2.752427106163694,3.2490374652897924,3.4201002794432838,2.596870023341615,4.088075299490797
Energy,4.556234118799196,3.4664343941283806,12.581333794561012,7.436173093442351,3.7557192377954425,6.306246579428205,6.8920451485953125,4.423891076141176,5.453777551866648
Financial,7.7030706938299085,4.142265020927068,7.436173093442351,15.544792202877751,5.356202385537739,7.933428164485065,7.406135166472191,7.927027447339542,4.811780850586556
Health Care,4.698421287917375,2.752427106163694,3.7557192377954425,5.356202385537739,6.1926805646959595,5.031522623513488,4.565682220022766,6.980704582848306,4.011685855043444
Industrial,6.075593823080377,3.2490374652897924,6.306246579428205,7.933428164485065,5.031522623513488,7.403910264754294,6.558189284145636,7.418335203966443,4.4924776536141335
Materials,5.67492350727165,3.4201002794432838,6.8920451485953125,7.406135166472191,4.565682220022766,6.558189284145636,8.172136349094963,5.5578057578917806,4.865772844589163
Technology,7.681328857114447,2.596870023341615,4.423891076141176,7.927027447339542,6.980704582848306,7.418335203966443,5.5578057578917806,14.93923823722082,4.365832388762168
Utilities,3.8427248545617485,4.088075299490797,5.453777551866648,4.811780850586556,4.011685855043444,4.4924776536141335,4.865772844589163,4.365832388762168,7.200160952213485
