,Consumer Discretionary,Consumer Staples,Energy,Financial,Health Care,Industrial,Materials,Technology,Utilities
Consumer Discretionary,7.785352370221381,3.2283569085182804,4.3551094279498646,7.407711392474718,4.632775248935887,5.942758208385656,5.520413978200452,7.478304242485047,3.7111905315229174
Consumer Staples,3.2283569085182804,4.398266772942649,3.33397210024104,4.005613320875,2.6924412682870678,3.164741618735871,3.312030900966433,2.516316815268903,3.9732529943460975
Energy,4.3551094279498646,3.33397210024104,11.860783367774559,6.97539656768345,3.574527821791093,5.99487209117504,6.523553864477787,4.170410939182978,5.117274193557796
Financial,7.407711392474718,4.005613320875,6.97539656768345,14.461047780054969,5.199840890329486,7.609941754499889,7.050524614359865,7.600712156670928,4.5992993487128055
Health Care,4.632775248935887,2.6924412682870678,3.574527821791093,5.199840890329486,6.038080961941461,4.930903919236647,4.433548880057994,6.781327212259347,3.8622040630489742
Industrial,5.942758208385656,3.164741618735871,5.99487209117504,7.609941754499889,4.930903919236647,7.1999755276057265,6.334339397302291,7.201004573994429,4.313588365602138
Materials,5.520413978200452,3.312030900966433,6.523553864477787,7.050524614359865,4.433548880057994,6.334339397302291,7.829780573094181,5.3360751703957385,4.631431600265463
Technology,7.478304242485047,2.516316815268903,4.170410939182978,7.600712156670928,6.781327212259347,7.201004573994429,5.3360751703957385,14.441095920608756,4.170612216664785
Utilities,3.7111905315229174,3.9732529943460975,5.117274193557796,4.5992993487128055,3.8622040630489742,4.313588365602138,4.631431600265463,4.170612216664785,6.904804390624869
