,Consumer Discretionary,Consumer Staples,Energy,Financial,Health Care,Industrial,Materials,Technology,Utilities
Consumer Discretionary,0.5454448891387152,0.17719575097638646,0.2022473692036468,0.32741668218990067,0.19624513293713491,0.3077265287557337,0.3111309426815278,0.2840460086606088,0.11350535165106926
Consumer Staples,0.17719575097638646,0.3134150741775584,0.0946884530983849,0.17416405154925635,0.15245841074842256,0.1570723337624029,0.16527514160380807,0.14226074625602986,0.14568374153566108
Energy,0.2022473692036468,0.0946884530983849,1.2451717353048162,0.22434003811670616,0.15941737839284473,0.28413167403671463,0.471657151961338,0.23082406981835826,0.187460201859564
Financial,0.32741668218990067,0.17416405154925635,0.22434003811670616,0.6754335365956391,0.22980917616960966,0.324474558438098,0.3203058729800725,0.2804946996993317,0.12629090260769985
Health Care,0.19624513293713491,0.15245841074842256,0.15941737839284473,0.22980917616960966,0.4134591569015312,0.20372931684933282,0.20791871165586703,0.18003204387353053,0.13118930617939398
Industrial,0.3077265287557337,0.1570723337624029,0.28413167403671463,0.324474558438098,0.20372931684933282,0.47973688430630124,0.38434849668107585,0.27787771854362375,0.1328500712836407
Materials,0.3111309426815278,0.16527514160380807,0.471657151961338,0.3203058729800725,0.20791871165586703,0.38434849668107585,0.7636870330735048,0.287408334863941,0.14605568003952482
Technology,0.2840460086606088,0.14226074625602986,0.23082406981835826,0.2804946996993317,0.18003204387353053,0.27787771854362375,0.287408334863941,0.5455501446253143,0.1230624885091224
Utilities,0.11350535165106926,0.14568374153566108,0.187460201859564,0.12629090260769985,0.13118930617939398,0.1328500712836407,0.14605568003952482,0.1230624885091224,0.5984418725698903
