,Consumer Discretionary,Consumer Staples,Energy,Financial,Health Care,Industrial,Materials,Technology,Utilities
Consumer Discretionary,9.012331339339365,4.9732070300286235,9.776879297843015,12.846083703694598,5.303080059612999,8.016934332964444,8.459979587473823,7.808999666756199,6.154606008269287
Consumer Staples,4.9732070300286235,3.926522902344482,5.239982974985776,6.727080742433407,3.49947835193049,4.647186025343121,4.8130792059256,4.589072606313477,3.88514056362785
Energy,9.776879297843015,5.239982974985776,17.463452168414364,15.169179288990135,6.617042537974905,9.737267648812642,11.264000707315697,8.852867048028532,8.140924163162069
Financial,12.846083703694598,6.727080742433407,15.169179288990135,24.43015615849344,6.988280712175326,12.023970809773205,12.925766376091039,11.42881894661298,9.130283365737288
Health Care,5.303080059612999,3.49947835193049,6.617042537974905,6.988280712175326,4.864854851219571,5.1579652521161865,5.5823825787847206,5.029208603548969,4.621555675255739
Industrial,8.016934332964444,4.647186025343121,9.737267648812642,12.023970809773205,5.1579652521161865,8.413027271128215,8.640040124206891,7.240425607934894,5.733165862955821
Materials,8.459979587473823,4.8130792059256,11.264000707315697,12.925766376091039,5.5823825787847206,8.640040124206891,10.172192108477967,7.787844175046771,6.436653608374165
Technology,7.808999666756199,4.589072606313477,8.852867048028532,11.42881894661298,5.029208603548969,7.240425607934894,7.787844175046771,8.082939577221012,6.095655820104562
Utilities,6.154606008269287,3.88514056362785,8.140924163162069,9.130283365737288,4.621555675255739,5.733165862955821,6.436653608374165,6.095655820104562,6.924827189333885
