,Consumer Discretionary,Consumer Staples,Energy,Financial,Health Care,Industrial,Materials,Technology,Utilities
Consumer Discretionary,9.453973752486876,5.167445519274683,10.425926028299507,13.325786101857028,5.569169044777508,8.359156031848956,8.836608557180938,8.179568668902807,6.453774772549778
Consumer Staples,5.167445519274683,4.081914273810847,5.552135930476604,6.904987348888039,3.635763862979913,4.815894225582673,4.977720812548989,4.770458870274985,4.040395990966132
Energy,10.425926028299507,5.552135930476604,19.265927132791028,16.072277381469682,7.076120824793059,10.371042239410913,12.010138133042318,9.422725796330823,8.68946813662407
Financial,13.325786101857028,6.904987348888039,16.072277381469682,25.48553542125107,7.234915882782311,12.406488645197976,13.355898179855892,11.852072901330818,9.497316948809358
Health Care,5.569169044777508,3.635763862979913,7.076120824793059,7.234915882782311,5.110571198185472,5.394573060760332,5.847249724806515,5.267275295013717,4.838326994161363
Industrial,8.359156031848956,4.815894225582673,10.371042239410913,12.406488645197976,5.394573060760332,8.770314586397202,8.999622339068388,7.541376725694248,5.974834225163551
Materials,8.836608557180938,4.977720812548989,12.010138133042318,13.355898179855892,5.847249724806515,8.999622339068388,10.62329825269298,8.11023860223199,6.701213371150895
Technology,8.179568668902807,4.770458870274985,9.422725796330823,11.852072901330818,5.267275295013717,7.541376725694248,8.11023860223199,8.482939094757143,6.383561355724312
Utilities,6.453774772549778,4.040395990966132,8.68946813662407,9.497316948809358,4.838326994161363,5.974834225163551,6.701213371150895,6.383561355724312,7.233288551238309
