,Consumer Discretionary,Consumer Staples,Energy,Financial,Health Care,Industrial,Materials,Technology,Utilities
Consumer Discretionary,1.1703591536193247,0.4279424858943448,0.37949824680394156,0.6414006320907787,0.4259037457698678,0.598827524672759,0.6214285128550165,0.5487657791247378,0.363811689814608
Consumer Staples,0.4279424858943448,0.8698951942341662,0.3257385975706888,0.4853952794485803,0.43519779669419095,0.44125027145658746,0.4085147710099504,0.3252798870304356,0.524183270976127
Energy,0.37949824680394156,0.3257385975706888,2.78036411630756,0.7756203883015983,0.2509933051387488,0.7400294072626763,1.069304298149086,0.1618842140321707,0.45198754929068347
Financial,0.6414006320907787,0.4853952794485803,0.7756203883015983,1.8390613563925438,0.41406864728953285,0.716142007043105,0.7430269374310066,0.380031238342702,0.4332598086631966
Health Care,0.4259037457698678,0.43519779669419095,0.2509933051387488,0.41406864728953285,0.8264337800182899,0.40054365121207686,0.39270118221819317,0.4103183089979219,0.3748856549856021
Industrial,0.598827524672759,0.44125027145658746,0.7400294072626763,0.716142007043105,0.40054365121207686,0.9609258595624488,0.832732823656835,0.4522044418556714,0.46691033963604456
Materials,0.6214285128550165,0.4085147710099504,1.069304298149086,0.7430269374310066,0.39270118221819317,0.832732823656835,1.6017361858441472,0.4038807981783789,0.48227468921516603
Technology,0.5487657791247378,0.3252798870304356,0.1618842140321707,0.380031238342702,0.4103183089979219,0.4522044418556714,0.4038807981783789,1.3790129357390746,0.35963356488436476
Utilities,0.363811689814608,0.524183270976127,0.45198754929068347,0.4332598086631966,0.3748856549856021,0.46691033963604456,0.48227468921516603,0.35963356488436476,1.3265296223119791
