,Consumer Discretionary,Consumer Staples,Energy,Financial,Health Care,Industrial,Materials,Technology,Utilities
Consumer Discretionary,1.3312924143942375,0.457891437783779,0.4602751097717322,0.827303969152462,0.4550678769952265,0.7089096447284331,0.731018363872562,0.5445625293439631,0.34471392205541335
Consumer Staples,0.457891437783779,0.9350107455611187,0.5807729124934522,0.6493592337290832,0.4835803212518781,0.5541005222620203,0.5737213840754949,0.2236004548125321,0.6006116267061279
Energy,0.4602751097717322,0.5807729124934522,3.061794535884581,1.0101908752652737,0.48786400897028437,0.9612331761460534,1.3329446262281799,0.2885062510933625,0.7394463736096805
Financial,0.827303969152462,0.6493592337290832,1.0101908752652737,1.9759312191836382,0.6122241889013503,0.9799156982784791,0.9758138567406889,0.41227866251916684,0.6651948225108464
Health Care,0.4550678769952265,0.4835803212518781,0.48786400897028437,0.6122241889013503,0.9729506639378397,0.5195946451852348,0.46395004504907944,0.3232086772399014,0.451765305724806
Industrial,0.7089096447284331,0.5541005222620203,0.9612331761460534,0.9799156982784791,0.5195946451852348,1.1310137356863048,0.9799755093250347,0.492063448188687,0.540387092289487
Materials,0.731018363872562,0.5737213840754949,1.3329446262281799,0.9758138567406889,0.46395004504907944,0.9799755093250347,1.8772691728368653,0.3315610661985447,0.5897734086296511
Technology,0.5445625293439631,0.2236004548125321,0.2885062510933625,0.41227866251916684,0.3232086772399014,0.492063448188687,0.3315610661985447,1.6568944606141414,0.1916638004499804
Utilities,0.34471392205541335,0.6006116267061279,0.7394463736096805,0.6651948225108464,0.451765305724806,0.540387092289487,0.5897734086296511,0.1916638004499804,1.5608039241084732
