,Consumer Discretionary,Consumer Staples,Energy,Financials,Health Care,Industrials,Materials,Information Technology,Utilities
Consumer Discretionary,0.46505984219735985,0.18303014050944472,0.27274428203094747,0.3059495170210375,0.20320901920989454,0.30206722335927433,0.30752062386237616,0.2910107352243878,0.09729047838803995
Consumer Staples,0.18303014050944472,0.2989718006388312,0.1266873946081893,0.15820210421265032,0.1634777878331127,0.16268801143394246,0.17652106148660093,0.1444002858698142,0.17473821107936013
Energy,0.27274428203094747,0.1266873946081893,1.2481626130962848,0.3064381542222061,0.19201903689700234,0.32587119127641306,0.41807831537152784,0.3311291358802205,0.0923702699832621
Financials,0.3059495170210375,0.15820210421265032,0.3064381542222061,0.49168724772173067,0.2330513038527056,0.3126389350130393,0.31037283703884105,0.31532508031980344,0.0763544423881435
Health Care,0.20320901920989454,0.1634777878331127,0.19201903689700234,0.2330513038527056,0.37264736215770644,0.20999207195459982,0.2265622222256659,0.2237722815735024,0.11147722951396664
Industrials,0.30206722335927433,0.16268801143394246,0.32587119127641306,0.3126389350130393,0.20999207195459982,0.4074450846135142,0.35073033111845636,0.31455931163478434,0.1130295724801604
Materials,0.30752062386237616,0.17652106148660093,0.41807831537152784,0.31037283703884105,0.2265622222256659,0.35073033111845636,0.583786794537744,0.3290409887129827,0.11807958704729389
Information Technology,0.2910107352243878,0.1444002858698142,0.3311291358802205,0.31532508031980344,0.2237722815735024,0.31455931163478434,0.3290409887129827,0.5215306661022139,0.06891644535725457
Utilities,0.09729047838803995,0.17473821107936013,0.0923702699832621,0.0763544423881435,0.11147722951396664,0.1130295724801604,0.11807958704729389,0.06891644535725457,0.5675932111387341
