,Consumer Discretionary,Consumer Staples,Energy,Financials,Health Care,Industrials,Materials,Information Technology,Utilities
Consumer Discretionary,7.221924789488421,3.074312685492938,7.2405658373369235,6.916834129227575,3.9708482343878155,5.928206272260146,6.02186036069488,5.512465465057661,4.807269005340496
Consumer Staples,3.074312685492938,3.9731937470186645,2.8791994590799286,4.2698460434461625,3.6480905691565977,3.9465036398336153,3.682378273690226,3.774700041200625,4.896434434968555
Energy,7.2405658373369235,2.8791994590799286,18.79436212604842,10.05112134018825,3.7608697027270708,7.214493039547632,7.619269918574295,4.469609914921285,4.326140543397407
Financials,6.916834129227575,4.2698460434461625,10.05112134018825,9.77289521790877,4.940399772705751,7.344960429983814,7.400587000119625,5.737621415375749,5.955702100252217
Health Care,3.9708482343878155,3.6480905691565977,3.7608697027270708,4.940399772705751,4.71480430403967,4.480815642366377,4.346561457841655,4.756645271779754,4.770488654300467
Industrials,5.928206272260146,3.9465036398336153,7.214493039547632,7.344960429983814,4.480815642366377,6.590807294460961,6.206664425259953,5.313391543127259,5.653771011330088
Materials,6.02186036069488,3.682378273690226,7.619269918574295,7.400587000119625,4.346561457841655,6.206664425259953,6.812916778835137,5.24892915825201,5.467250529318734
Information Technology,5.512465465057661,3.774700041200625,4.469609914921285,5.737621415375749,4.756645271779754,5.313391543127259,5.24892915825201,6.969757915331387,5.149017574160825
Utilities,4.807269005340496,4.896434434968555,4.326140543397407,5.955702100252217,4.770488654300467,5.653771011330088,5.467250529318734,5.149017574160825,7.876398385560895
