,Consumer Discretionary,Consumer Staples,Energy,Financial,Health Care,Industrial,Materials,Technology,Utilities
Consumer Discretionary,1.1426090701387424,0.4217003833724183,0.3733231961582521,0.6263609961042261,0.4181741291774185,0.5859247903775743,0.6095506272387354,0.535334633567842,0.35872941832850386
Consumer Staples,0.4217003833724183,0.8633583934900192,0.32197713725003124,0.47805374436865933,0.4299110940333296,0.4350037819518464,0.40323466913534817,0.3198637381136493,0.5201745885075197
Energy,0.3733231961582521,0.32197713725003124,2.7328572227174446,0.7620462769604,0.2460645295729971,0.7277807707894691,1.0531016643980122,0.1580968591246804,0.44618786148020173
Financial,0.6263609961042261,0.47805374436865933,0.7620462769604,1.788859368984122,0.4058687287223838,0.7011113696182285,0.7288353923800953,0.37081876516318696,0.4263135541707647
Health Care,0.4181741291774185,0.4299110940333296,0.2460645295729971,0.4058687287223838,0.8141504913188333,0.3935773684481413,0.3860832510285302,0.40196251371248437,0.37079366062844266
Industrial,0.5859247903775743,0.4350037819518464,0.7277807707894691,0.7011113696182285,0.3935773684481413,0.94182398843695,0.8172795603246117,0.442060422262997,0.45993826469857885
Materials,0.6095506272387354,0.40323466913534817,1.0531016643980122,0.7288353923800953,0.3860832510285302,0.8172795603246117,1.5779946082789305,0.3944957504587175,0.47616853482829025
Technology,0.535334633567842,0.3198637381136493,0.1580968591246804,0.37081876516318696,0.40196251371248437,0.442060422262997,0.3944957504587175,1.3440895386255618,0.35340117282409056
Utilities,0.35872941832850386,0.5201745885075197,0.44618786148020173,0.4263135541707647,0.37079366062844266,0.45993826469857885,0.47616853482829025,0.35340117282409056,1.3110420632395776
