,Consumer Discretionary,Consumer Staples,Energy,Financials,Health Care,Industrials,Materials,Information Technology,Utilities
Consumer Discretionary,0.9351073815470977,0.41549725364026946,0.6827828976764855,0.6603455310639073,0.40577646937565925,0.6218442654401283,0.6417846120385496,0.5773164445072549,0.35510692854850884
Consumer Staples,0.41549725364026946,0.6549670434856808,0.37405571955846006,0.40199176525296104,0.3993599467601046,0.4243481068471057,0.4407844422857739,0.37803857733761864,0.5302730292400479
Energy,0.6827828976764855,0.37405571955846006,3.7652252546221794,1.0561636499240281,0.3539172687615337,0.8225320596724894,1.132344192465755,0.5258185694368273,0.3353139631387742
Financials,0.6603455310639073,0.40199176525296104,1.0561636499240281,1.0924486105569924,0.4415175316121725,0.7184209337465984,0.7355308676806888,0.5557821725082724,0.34049676831788683
Health Care,0.40577646937565925,0.3993599467601046,0.3539172687615337,0.4415175316121725,0.6745480147940502,0.4190523114564228,0.43958442738531184,0.45429584985483834,0.38234834950515934
Industrials,0.6218442654401283,0.4243481068471057,0.8225320596724894,0.7184209337465984,0.4190523114564228,0.7744246771549622,0.7365408879149892,0.5774631285952405,0.4027135651818305
Materials,0.6417846120385496,0.4407844422857739,1.132344192465755,0.7355308676806888,0.43958442738531184,0.7365408879149892,1.146131877793565,0.5864717517803332,0.4206410993641912
Information Technology,0.5773164445072549,0.37803857733761864,0.5258185694368273,0.5557821725082724,0.45429584985483834,0.5774631285952405,0.5864717517803332,0.9932457628887765,0.30355552612791636
Utilities,0.35510692854850884,0.5302730292400479,0.3353139631387742,0.34049676831788683,0.38234834950515934,0.4027135651818305,0.4206410993641912,0.30355552612791636,1.0887948666185256
