,Consumer Discretionary,Consumer Staples,Energy,Financial,Health Care,Industrial,Materials,Technology,Utilities
Consumer Discretionary,0.5464020584549926,0.177329775601445,0.2026082340577455,0.32790574897606006,0.19667600596337098,0.3081637245208728,0.31208965836322006,0.28453413613052314,0.1134966420105584
Consumer Staples,0.177329775601445,0.31371703991588323,0.09491477626181934,0.17429336644844035,0.15263097021157815,0.15720837079685043,0.1654530324391826,0.14241900689260542,0.14573333227530533
Energy,0.2026082340577455,0.09491477626181934,1.2459072426514122,0.22453779841595123,0.15963680483261197,0.2847203833980739,0.4721872358365901,0.2315032116450669,0.18776632372440663
Financial,0.32790574897606006,0.17429336644844035,0.22453779841595123,0.6761763857507382,0.23025609757220386,0.3250603891466012,0.3207931345612573,0.2810283636081375,0.12632853652299872
Health Care,0.19667600596337098,0.15263097021157815,0.15963680483261197,0.23025609757220386,0.41423398036168707,0.2042173882414079,0.2083859251955224,0.18041311658694092,0.13135154132903273
Industrial,0.3081637245208728,0.15720837079685043,0.2847203833980739,0.3250603891466012,0.2042173882414079,0.4804245647928195,0.38515142112220335,0.2785621933649787,0.13293364621743575
Materials,0.31208965836322006,0.1654530324391826,0.4721872358365901,0.3207931345612573,0.2083859251955224,0.38515142112220335,0.7659111378317386,0.28821669767694447,0.1462015286637437
Technology,0.28453413613052314,0.14241900689260542,0.2315032116450669,0.2810283636081375,0.18041311658694092,0.2785621933649787,0.28821669767694447,0.5469364441155753,0.1231979571445921
Utilities,0.1134966420105584,0.14573333227530533,0.18776632372440663,0.12632853652299872,0.13135154132903273,0.13293364621743575,0.1462015286637437,0.1231979571445921,0.5981268720397562
