{"0":{"Consumer Discretionary":0.1736629178,"Consumer Staples":0.0181771251,"Energy":0.0,"Financials":6.020516049e-18,"Health Care":0.445290963,"Industrials":0.0,"Materials":0.0,"Information Technology":0.2849030862,"Utilities":0.0779659079},"1":{"Consumer Discretionary":0.0,"Consumer Staples":3.944608345e-16,"Energy":0.0,"Financials":0.0,"Health Care":0.0,"Industrials":0.0,"Materials":0.0,"Information Technology":0.0,"Utilities":1.0},"2":{"Consumer Discretionary":0.0,"Consumer Staples":0.0,"Energy":0.0,"Financials":0.0,"Health Care":0.0,"Industrials":0.0,"Materials":0.0,"Information Technology":0.0,"Utilities":1.0},"3":{"Consumer Discretionary":0.2028010648,"Consumer Staples":0.0,"Energy":0.0343557494,"Financials":0.0403882437,"Health Care":0.1285058096,"Industrials":0.0639995913,"Materials":0.0017072387,"Information Technology":0.5282423025,"Utilities":4.756093705e-17},"4":{"Consumer Discretionary":0.7148245856,"Consumer Staples":0.0,"Energy":0.0,"Financials":0.2395588283,"Health Care":1.541599964e-17,"Industrials":9.669728126e-18,"Materials":0.0,"Information Technology":0.0456165861,"Utilities":2.558717127e-17}}