{"0":{"Consumer Discretionary":0.0802352769,"Consumer Staples":0.1072786996,"Energy":0.046655273,"Financial":0.0,"Health Care":0.2267978596,"Industrial":0.0,"Technology":0.3733316791,"Materials":0.0487146951,"Utilities":0.1169865166},"1":{"Consumer Discretionary":0.0,"Consumer Staples":0.0,"Energy":0.0,"Financial":0.0,"Health Care":0.0,"Industrial":0.0,"Technology":0.0,"Materials":0.0,"Utilities":1.0},"2":{"Consumer Discretionary":0.0,"Consumer Staples":0.0,"Energy":1.0,"Financial":0.0,"Health Care":0.0,"Industrial":0.0,"Technology":0.0,"Materials":0.0,"Utilities":0.0},"3":{"Consumer Discretionary":0.1930514423,"Consumer Staples":2.337810934e-17,"Energy":0.0558283406,"Financial":0.1190799688,"Health Care":0.1230355553,"Industrial":0.1363513724,"Technology":0.3726533207,"Materials":9.161508358e-18,"Utilities":0.0},"4":{"Consumer Discretionary":0.292115976,"Consumer Staples":0.0,"Energy":0.1201947601,"Financial":0.3881534092,"Health Care":1.970537448e-17,"Industrial":0.0605302842,"Technology":0.0316855449,"Materials":0.1073200256,"Utilities":0.0}}