{
    "0": {
        "Consumer Discretionary": 0.0800005776,
        "Consumer Staples": 0.1068024005,
        "Energy": 0.0465803152,
        "Financial": 0.0,
        "Health Care": 0.2270175785,
        "Industrial": 1.561251128e-17,
        "Technology": 0.3739386997,
        "Materials": 0.0490665577,
        "Utilities": 0.1165938709
    },
    "1": {
        "Consumer Discretionary": 0.0,
        "Consumer Staples": 0.0,
        "Energy": 0.0,
        "Financial": 0.0,
        "Health Care": 0.0,
        "Industrial": 0.0,
        "Technology": 0.0,
        "Materials": 0.0,
        "Utilities": 1.0
    },
    "2": {
        "Consumer Discretionary": 0.0,
        "Consumer Staples": 0.0,
        "Energy": 1.0,
        "Financial": 0.0,
        "Health Care": 0.0,
        "Industrial": 0.0,
        "Technology": 0.0,
        "Materials": 0.0,
        "Utilities": 0.0
    },
    "3": {
        "Consumer Discretionary": 0.1942005581,
        "Consumer Staples": 1.330587116e-16,
        "Energy": 0.0551518362,
        "Financial": 0.1208748133,
        "Health Care": 0.1196620614,
        "Industrial": 0.1347006097,
        "Technology": 0.3754101213,
        "Materials": 0.0,
        "Utilities": 2.547875105e-17
    },
    "4": {
        "Consumer Discretionary": 0.2613511033,
        "Consumer Staples": 6.274820073e-18,
        "Energy": 0.1346476333,
        "Financial": 0.4312456487,
        "Health Care": 0.0,
        "Industrial": 0.0025439939,
        "Technology": 0.0450178128,
        "Materials": 0.125193808,
        "Utilities": 0.0
    }
}